{"count":1,"gauges":{},"self":26.392105599999997,"total":27.543991199999997,"children":{"AgentResetIfDone":{"count":1323,"self":0.0180003,"total":0.0180003,"children":null},"AgentSendState":{"count":1323,"self":0.0129914,"total":0.0209916,"children":{"CollectObservations":{"count":331,"self":0.008000199999999999,"total":0.008000199999999999,"children":null}}},"DecideAction":{"count":1323,"self":1.0258654999999999,"total":1.0708727999999998,"children":{"RayPerceptionSensor.Perceive":{"count":331,"self":0.0450073,"total":0.0450073,"children":null}}},"AcademyStep":{"count":1323,"self":0.0020008,"total":0.0020008,"children":null},"AgentAct":{"count":1323,"self":0.0380183,"total":0.0380183,"children":null}}}